{"vanilla_star": [0.503930920092847], "prior": [0.50284639904433], "prior_star": [0.5039308356952601]}