{"vanilla_star": [0.4670362426255589], "prior": [0.41252027879651965], "prior_star": [0.46384538368467887]}