{"vanilla_star": [0.4666398867111491], "prior": [0.49416593011311705], "prior_star": [0.4666421917151451]}