{"vanilla_star": [0.4632188416893919], "prior": [0.4877725824384679], "prior_star": [0.46321852737066516]}