{"vanilla_star": [0.4701354252711419], "prior": [0.4122914547634584], "prior_star": [0.4668508993496954]}