{"vanilla_star": [0.5037373662840803], "prior": [0.5016623973544492], "prior_star": [0.5037371010345215]}