{"vanilla_star": [0.46893692796611064], "prior": [0.5032188333075591], "prior_star": [0.4689396520617422]}