{"vanilla_star": [0.4014727285452994], "prior": [0.47640644250870007], "prior_star": [0.4014731145276554]}