{"vanilla_star": [0.4084485876648274], "prior": [0.5097199363489363], "prior_star": [0.4084494882903246]}