{"vanilla_star": [0.5084096227234957], "prior": [0.26660159009876444], "prior_star": [0.5082858355771034]}