{"vanilla_star": [0.4613284240939134], "prior": [0.41207918485000505], "prior_star": [0.4577199403381148]}