{"vanilla_star": [0.40451800067315324], "prior": [0.49420370296033034], "prior_star": [0.40451658540451463]}