{"vanilla_star": [0.3999613503000884], "prior": [0.47828707720779334], "prior_star": [0.39995684717260205]}