{"vanilla_star": [0.46303863228606523], "prior": [0.41286728667083245], "prior_star": [0.4597456197589972]}