{"vanilla_star": [0.49743591691226363], "prior": [0.4945536488934994], "prior_star": [0.49743571797509445]}