{"vanilla_star": [0.5000002411359625], "prior": [0.2647125430246841], "prior_star": [0.4998768337787114]}