{"vanilla_star": [0.49831563515935945], "prior": [0.26392551141320625], "prior_star": [0.4981985757063234]}