{"vanilla_star": [0.5042956985202451], "prior": [0.502068602940219], "prior_star": [0.5042957949746301]}