{"vanilla_star": [0.5155170690502474], "prior": [0.5129421710145892], "prior_star": [0.5155169725958624]}