{"vanilla_star": [0.4110760982227314], "prior": [0.5411687494274595], "prior_star": [0.41107841411686724]}