{"vanilla_star": [0.5047882368090189], "prior": [0.2653841790212677], "prior_star": [0.5046651851273125]}