{"vanilla_star": [0.4718225834233333], "prior": [0.5118707705795995], "prior_star": [0.47182478365442043]}