{
    "base_config": {
        "clamiter_init": {
            "dim_feat": 40,
            "dim_attr": 100,
            "s_reg": 0.0,
            "l1_reg": 1,
            "T": 1,
            "hidden_dim": 64,
            "num_coupling_blocks": 32,
            "num_layers_mlp": 2
        },
        "feat_opt": {
            "lr": 1e-06,
            "n_iter": 7000,
            "early_stop": 0
        }
    },
    "(0.9731626495888448, 0.9705615854755868)": [
        [
            "clamiter_init",
            "dim_feat",
            36
        ],
        [
            "clamiter_init",
            "l1_reg",
            1
        ],
        [
            "clamiter_init",
            "s_reg",
            1
        ]
    ],
    "(0.9727619208429191, 0.9723895488756951)": [
        [
            "clamiter_init",
            "dim_feat",
            36
        ],
        [
            "clamiter_init",
            "l1_reg",
            1
        ],
        [
            "clamiter_init",
            "s_reg",
            1
        ]
    ],
    "(0.972826169368842, 0.9715269464704971)": [
        [
            "clamiter_init",
            "dim_feat",
            36
        ],
        [
            "clamiter_init",
            "l1_reg",
            1
        ],
        [
            "clamiter_init",
            "s_reg",
            1
        ]
    ],
    "(0.9738518452340807, 0.9709862211936184)": [
        [
            "clamiter_init",
            "dim_feat",
            36
        ],
        [
            "clamiter_init",
            "l1_reg",
            1
        ],
        [
            "clamiter_init",
            "s_reg",
            1
        ]
    ],
    "(0.9754593116136087, 0.9733324447148545)": [
        [
            "clamiter_init",
            "dim_feat",
            36
        ],
        [
            "clamiter_init",
            "l1_reg",
            1
        ],
        [
            "clamiter_init",
            "s_reg",
            1
        ]
    ],
    "(0.9748710419281967, 0.9711563261810138)": [
        [
            "clamiter_init",
            "dim_feat",
            36
        ],
        [
            "clamiter_init",
            "l1_reg",
            1
        ],
        [
            "clamiter_init",
            "s_reg",
            1
        ]
    ],
    "(0.9737418803867616, 0.9722979596865936)": [
        [
            "clamiter_init",
            "dim_feat",
            36
        ],
        [
            "clamiter_init",
            "l1_reg",
            1
        ],
        [
            "clamiter_init",
            "s_reg",
            0.1
        ]
    ],
    "(0.9739672348339895, 0.9720677220195428)": [
        [
            "clamiter_init",
            "dim_feat",
            36
        ],
        [
            "clamiter_init",
            "l1_reg",
            1
        ],
        [
            "clamiter_init",
            "s_reg",
            0.1
        ]
    ],
    "(0.9725534690443027, 0.9728701323534322)": [
        [
            "clamiter_init",
            "dim_feat",
            36
        ],
        [
            "clamiter_init",
            "l1_reg",
            1
        ],
        [
            "clamiter_init",
            "s_reg",
            0.1
        ]
    ],
    "(0.9739308485190099, 0.9730731162805211)": [
        [
            "clamiter_init",
            "dim_feat",
            36
        ],
        [
            "clamiter_init",
            "l1_reg",
            1
        ],
        [
            "clamiter_init",
            "s_reg",
            0.1
        ]
    ],
    "(0.9736363568781133, 0.9714461519174717)": [
        [
            "clamiter_init",
            "dim_feat",
            36
        ],
        [
            "clamiter_init",
            "l1_reg",
            1
        ],
        [
            "clamiter_init",
            "s_reg",
            0.1
        ]
    ],
    "(0.9732331110185843, 0.9687192736759395)": [
        [
            "clamiter_init",
            "dim_feat",
            36
        ],
        [
            "clamiter_init",
            "l1_reg",
            1
        ],
        [
            "clamiter_init",
            "s_reg",
            0.1
        ]
    ],
    "(0.9743243773969704, 0.9714430078886025)": [
        [
            "clamiter_init",
            "dim_feat",
            36
        ],
        [
            "clamiter_init",
            "l1_reg",
            1
        ],
        [
            "clamiter_init",
            "s_reg",
            0.01
        ]
    ],
    "(0.9731344643069031, 0.9697859008145365)": [
        [
            "clamiter_init",
            "dim_feat",
            36
        ],
        [
            "clamiter_init",
            "l1_reg",
            1
        ],
        [
            "clamiter_init",
            "s_reg",
            0.01
        ]
    ],
    "(0.9724228383037746, 0.9724269799113426)": [
        [
            "clamiter_init",
            "dim_feat",
            36
        ],
        [
            "clamiter_init",
            "l1_reg",
            1
        ],
        [
            "clamiter_init",
            "s_reg",
            0.01
        ]
    ],
    "(0.9723286151796111, 0.9702158866308718)": [
        [
            "clamiter_init",
            "dim_feat",
            36
        ],
        [
            "clamiter_init",
            "l1_reg",
            1
        ],
        [
            "clamiter_init",
            "s_reg",
            0.01
        ]
    ],
    "(0.97311387296854, 0.9745018090784643)": [
        [
            "clamiter_init",
            "dim_feat",
            36
        ],
        [
            "clamiter_init",
            "l1_reg",
            1
        ],
        [
            "clamiter_init",
            "s_reg",
            0.01
        ]
    ],
    "(0.9726698420581297, 0.9707405426397349)": [
        [
            "clamiter_init",
            "dim_feat",
            36
        ],
        [
            "clamiter_init",
            "l1_reg",
            1
        ],
        [
            "clamiter_init",
            "s_reg",
            0.01
        ]
    ],
    "(0.9727846529704254, 0.9729998169599338)": [
        [
            "clamiter_init",
            "dim_feat",
            36
        ],
        [
            "clamiter_init",
            "l1_reg",
            0.1
        ],
        [
            "clamiter_init",
            "s_reg",
            1
        ]
    ],
    "(0.9718084850730264, 0.9703404868783957)": [
        [
            "clamiter_init",
            "dim_feat",
            36
        ],
        [
            "clamiter_init",
            "l1_reg",
            0.1
        ],
        [
            "clamiter_init",
            "s_reg",
            1
        ]
    ],
    "(0.9724453680681283, 0.9730954103727648)": [
        [
            "clamiter_init",
            "dim_feat",
            36
        ],
        [
            "clamiter_init",
            "l1_reg",
            0.1
        ],
        [
            "clamiter_init",
            "s_reg",
            1
        ]
    ],
    "(0.9733815816686421, 0.9711617784065817)": [
        [
            "clamiter_init",
            "dim_feat",
            36
        ],
        [
            "clamiter_init",
            "l1_reg",
            0.1
        ],
        [
            "clamiter_init",
            "s_reg",
            1
        ]
    ],
    "(0.973924014324812, 0.972379632616173)": [
        [
            "clamiter_init",
            "dim_feat",
            36
        ],
        [
            "clamiter_init",
            "l1_reg",
            0.1
        ],
        [
            "clamiter_init",
            "s_reg",
            1
        ]
    ],