{"vanilla_star": [0.5075832859501167], "prior": [0.5044471560183437], "prior_star": [0.5075831714105344]}