{"vanilla_star": [0.4041008824071301], "prior": [0.47754534778039565], "prior_star": [0.4041006250855594]}