{"vanilla_star": [0.5035297723338923], "prior": [0.5016232549593228], "prior_star": [0.5035297482202961]}