{"vanilla_star": [0.4048428691560985], "prior": [0.491584812675043], "prior_star": [0.40484274049531316]}