{"vanilla_star": [0.47304203531014666], "prior": [0.41255024384846817], "prior_star": [0.4697135047669578]}