{"vanilla_star": [0.40567877827835397], "prior": [0.4889021066402346], "prior_star": [0.4056764623842182]}