{"vanilla_star": [0.504156617325426], "prior": [0.26610724931867036], "prior_star": [0.504036302536895]}