{"vanilla_star": [0.4045427035439356], "prior": [0.5041072382499251], "prior_star": [0.40454321818707695]}