{"vanilla_star": [0.4042076708589496], "prior": [0.4789589438287597], "prior_star": [0.404208571484447]}