{"vanilla_star": [0.5008754019133657], "prior": [0.26568789579454055], "prior_star": [0.5007553403175953]}