{"vanilla_star": [0.4022450792396045], "prior": [0.47624574518782936], "prior_star": [0.4022450792396044]}