{"vanilla_star": [0.4063032977303208], "prior": [0.49112279179494145], "prior_star": [0.40630535630288606]}