{"vanilla_star": [0.494514036283246], "prior": [0.2649640357768605], "prior_star": [0.49439406511346173]}