{"vanilla_star": [0.5071437674311159], "prior": [0.26581466699846973], "prior_star": [0.5070256952070369]}