{"vanilla_star": [0.4982238708687984], "prior": [0.2640992619310457], "prior_star": [0.49809823300389333]}