{"vanilla_star": [0.4622482254612418], "prior": [0.4974356830544069], "prior_star": [0.46225189251305365]}