{"vanilla_star": [0.4625653730565149], "prior": [0.4930037890074778], "prior_star": [0.46256296327961]}