{"vanilla_star": [0.47020206084120914], "prior": [0.4126651797295434], "prior_star": [0.46687971189964594]}