{"vanilla_star": [0.4062662434241472], "prior": [0.5093065492456875], "prior_star": [0.4062683019967125]}