{"vanilla_star": [0.4688787790016651], "prior": [0.5134766249544762], "prior_star": [0.4688793028662096]}