{"vanilla_star": [0.5063359318144661], "prior": [0.5054829133468273], "prior_star": [0.506335829331682]}