{"vanilla_star": [0.4033101332205235], "prior": [0.4867310845486631], "prior_star": [0.40330961857738223]}