{"vanilla_star": [0.4653646956367951], "prior": [0.4120633641407595], "prior_star": [0.4619095994196419]}