{"vanilla_star": [0.4972327236933927], "prior": [0.2648951613175476], "prior_star": [0.4971135904710784]}