{"vanilla_star": [0.466830363859549], "prior": [0.4123984279034564], "prior_star": [0.46342136772231657]}