{"vanilla_star": [0.49205571542869875], "prior": [0.4891649895660469], "prior_star": [0.49205561294591466]}