{"vanilla_star": [0.4679149730125941], "prior": [0.4123709774013217], "prior_star": [0.46452012121806463]}