{"vanilla_star": [0.40494721305299697], "prior": [0.508133162883525], "prior_star": [0.404946441088285]}