{"vanilla_star": [0.40270298297457563], "prior": [0.4906612855579813], "prior_star": [0.40270298297457563]}