{"vanilla_star": [0.4710522929970207], "prior": [0.5041976218226043], "prior_star": [0.47105187390538505]}