{"vanilla_star": [0.4685597454940315], "prior": [0.4123082184288841], "prior_star": [0.4651161742968586]}