{"vanilla_star": [0.5122489714345516], "prior": [0.5090652050933702], "prior_star": [0.5122486639861993]}