{"vanilla_star": [0.40770750154135615], "prior": [0.5196040438599471], "prior_star": [0.4077059576119323]}