{"vanilla_star": [0.46905710249263133], "prior": [0.5082820889035851], "prior_star": [0.46905710249263133]}