{"vanilla_star": [0.46177685214405184], "prior": [0.504850461818028], "prior_star": [0.46177926192095686]}