{"vanilla_star": [0.40990386980763666], "prior": [0.5360771275090139], "prior_star": [0.4099070863272698]}