{
    "date_time": "2024-09-25 22:01:01",
    "base_config": {
        "clamiter_init": {
            "dim_feat": 56,
            "s_reg": 0.0,
            "l1_reg": 1,
            "T": 1,
            "hidden_dim": 64,
            "num_coupling_blocks": 32,
            "num_layers_mlp": 2
        },
        "feat_opt": {
            "lr": 1e-06,
            "n_iter": 7000,
            "early_stop": 0
        }
    },
    "(0.6330955251798562, 0.7764798325123153)": [
        [
            "clamiter_init",
            "dim_feat",
            6
        ],
        [
            "clamiter_init",
            "s_reg",
            0.0
        ],
        [
            "feat_opt",
            "l1_reg",
            0.0
        ],
        [
            "feat_opt",
            "n_iter",
            10000
        ],
        [
            "feat_opt",
            "lr",
            3e-06
        ]
    ],
    "(0.5822029059419132, 0.6886993180076629)": [
        [
            "clamiter_init",
            "dim_feat",
            6
        ],
        [
            "clamiter_init",
            "s_reg",
            0.0
        ],
        [
            "feat_opt",
            "l1_reg",
            0.0
        ],
        [
            "feat_opt",
            "n_iter",
            10000
        ],
        [
            "feat_opt",
            "lr",
            7e-06
        ]
    ],
    "(0.6783926208366641, 0.7879330344827586)": [
        [
            "clamiter_init",
            "dim_feat",
            6
        ],
        [
            "clamiter_init",
            "s_reg",
            0.0
        ],
        [
            "feat_opt",
            "l1_reg",
            0.01
        ],
        [
            "feat_opt",
            "n_iter",
            10000
        ],
        [
            "feat_opt",
            "lr",
            3e-06
        ]
    ],
    "(0.5871322957633893, 0.7247556945812808)": [
        [
            "clamiter_init",
            "dim_feat",
            6
        ],
        [
            "clamiter_init",
            "s_reg",
            0.0
        ],
        [
            "feat_opt",
            "l1_reg",
            0.01
        ],
        [
            "feat_opt",
            "n_iter",
            10000
        ],
        [
            "feat_opt",
            "lr",
            7e-06
        ]
    ],
    "(0.6767938998134826, 0.9257891064467767)": [
        [
            "clamiter_init",
            "dim_feat",
            6
        ],
        [
            "clamiter_init",
            "s_reg",
            0.0
        ],
        [
            "feat_opt",
            "l1_reg",
            0.1
        ],
        [
            "feat_opt",
            "n_iter",
            10000
        ],
        [
            "feat_opt",
            "lr",
            3e-06
        ]
    ],
    "(0.48334865600852644, 0.681515409961686)": [
        [
            "clamiter_init",
            "dim_feat",
            6
        ],
        [
            "clamiter_init",
            "s_reg",
            0.0
        ],
        [
            "feat_opt",
            "l1_reg",
            0.1
        ],
        [
            "feat_opt",
            "n_iter",
            10000
        ],
        [
            "feat_opt",
            "lr",
            7e-06
        ]
    ]
}