{"vanilla_star": [0.4081361992780586], "prior": [0.5121598594818366], "prior_star": [0.40813684258198524]}