{"vanilla_star": [0.40217238589589593], "prior": [0.4710661192922216], "prior_star": [0.4021703273233307]}